{"money":14000,"positionSun":{"x":-1.14906644821167,"y":4.928362846374512,"z":1.9902417659759522},"time":0.0,"letter":false}