{"position":{"x":94.2938003540039,"y":21.489999771118165,"z":-22.194091796875},"money":0}